{
	"parent": "block/block",
	"textures": {
		"3": "block/dispenser_back_off",
		"top": "block/dispenser_top_off",
		"particle": "block/dispenser_front",
		"front": "block/dispenser_front",
		"side": "block/dispenser_side_off"
	},
	"elements": [
		{
			"from": [0, 0, 0],
			"to": [16, 16, 16],
			"faces": {
				"north": {"uv": [0, 0, 16, 16], "texture": "#front", "cullface": "north"},
				"east": {"uv": [16, 0, 0, 16], "texture": "#side", "cullface": "east"},
				"south": {"uv": [0, 0, 16, 16], "texture": "#3", "cullface": "south"},
				"west": {"uv": [0, 0, 16, 16], "texture": "#side", "cullface": "west"},
				"up": {"uv": [0, 0, 16, 16], "texture": "#top", "cullface": "up"},
				"down": {"uv": [0, 0, 16, 16], "rotation": 180, "texture": "#top", "cullface": "down"}
			}
		}
	],
	"groups": [
		{
			"name": "cube",
			"origin": [8, 8, 8],
			"color": 0,
			"children": [0]
		}
	]
}