{
	"textures": {
		"top": "block/hopper_top_un",
		"particle": "block/hopper_outside_un",
		"side": "block/hopper_outside_un",
		"inside": "block/hopper_inside_un"
	},
	"elements": [
		{
			"from": [10, 4, 4],
			"to": [12, 4, 12],
			"faces": {
				"north": {"uv": [4, 12, 6, 12], "texture": "#inside"},
				"east": {"uv": [4, 12, 12, 12], "texture": "#inside"},
				"south": {"uv": [10, 12, 12, 12], "texture": "#inside"},
				"west": {"uv": [4, 12, 12, 12], "texture": "#inside"},
				"up": {"uv": [10, 4, 12, 12], "texture": "#inside"},
				"down": {"uv": [10, 4, 12, 12], "texture": "#top"}
			}
		},
		{
			"from": [4, 4, 4],
			"to": [6, 4, 12],
			"faces": {
				"north": {"uv": [10, 12, 12, 12], "texture": "#inside"},
				"east": {"uv": [4, 12, 12, 12], "texture": "#inside"},
				"south": {"uv": [4, 12, 6, 12], "texture": "#inside"},
				"west": {"uv": [4, 12, 12, 12], "texture": "#inside"},
				"up": {"uv": [4, 4, 6, 12], "texture": "#inside"},
				"down": {"uv": [4, 4, 6, 12], "texture": "#top"}
			}
		},
		{
			"from": [6, 4, 10],
			"to": [10, 4, 12],
			"faces": {
				"north": {"uv": [6, 12, 10, 12], "texture": "#inside"},
				"east": {"uv": [4, 12, 6, 12], "texture": "#inside"},
				"south": {"uv": [6, 12, 10, 12], "texture": "#inside"},
				"west": {"uv": [10, 12, 12, 12], "texture": "#inside"},
				"up": {"uv": [6, 10, 10, 12], "texture": "#inside"},
				"down": {"uv": [6, 4, 10, 6], "texture": "#top"}
			}
		},
		{
			"from": [6, 4, 4],
			"to": [10, 4, 6],
			"faces": {
				"north": {"uv": [6, 12, 10, 12], "texture": "#inside"},
				"east": {"uv": [10, 12, 12, 12], "texture": "#inside"},
				"south": {"uv": [6, 12, 10, 12], "texture": "#inside"},
				"west": {"uv": [4, 12, 6, 12], "texture": "#inside"},
				"up": {"uv": [6, 4, 10, 6], "texture": "#inside"},
				"down": {"uv": [6, 10, 10, 12], "texture": "#top"}
			}
		},
		{
			"from": [7, 0, 9],
			"to": [9, 4, 9],
			"faces": {
				"north": {"uv": [5, 12, 7, 16], "texture": "#side"},
				"east": {"uv": [4, 12, 5, 16], "texture": "#side"},
				"west": {"uv": [7.5, 12, 8.5, 16], "texture": "#side"},
				"down": {"uv": [6, 15, 10, 16], "texture": "#side", "cullface": "down"}
			}
		},
		{
			"from": [7, 0, 7],
			"to": [9, 4, 7],
			"faces": {
				"east": {"uv": [7.5, 12, 8.5, 16], "texture": "#side"},
				"south": {"uv": [5, 12, 7, 16], "texture": "#side"},
				"west": {"uv": [4, 12, 5, 16], "texture": "#side"},
				"down": {"uv": [6, 12, 10, 13], "texture": "#side", "cullface": "down"}
			}
		},
		{
			"from": [0, 10, 0],
			"to": [2, 16, 16],
			"faces": {
				"north": {"uv": [14, 0, 16, 6], "texture": "#side", "cullface": "north"},
				"east": {"uv": [0, 0, 16, 6], "texture": "#side", "cullface": "up"},
				"south": {"uv": [0, 0, 2, 6], "texture": "#side", "cullface": "south"},
				"west": {"uv": [0, 0, 16, 6], "texture": "#side", "cullface": "west"},
				"up": {"uv": [0, 0, 2, 16], "texture": "#inside", "cullface": "up"}
			}
		},
		{
			"from": [2, 10, 14],
			"to": [14, 16, 16],
			"faces": {
				"north": {"uv": [2, 0, 14, 6], "texture": "#side", "cullface": "up"},
				"south": {"uv": [2, 0, 14, 6], "texture": "#side", "cullface": "south"},
				"up": {"uv": [2, 14, 14, 16], "texture": "#inside", "cullface": "up"}
			}
		},
		{
			"from": [14, 10, 0],
			"to": [16, 16, 16],
			"faces": {
				"north": {"uv": [0, 0, 2, 6], "texture": "#side", "cullface": "north"},
				"east": {"uv": [0, 0, 16, 6], "texture": "#side", "cullface": "east"},
				"south": {"uv": [14, 0, 16, 6], "texture": "#side", "cullface": "south"},
				"west": {"uv": [0, 0, 16, 6], "texture": "#side", "cullface": "up"},
				"up": {"uv": [14, 0, 16, 16], "texture": "#inside", "cullface": "up"}
			}
		},
		{
			"from": [2, 10, 0],
			"to": [14, 16, 2],
			"faces": {
				"north": {"uv": [2, 0, 14, 6], "texture": "#side", "cullface": "north"},
				"south": {"uv": [2, 0, 14, 6], "texture": "#side", "cullface": "up"},
				"up": {"uv": [2, 0, 14, 2], "texture": "#inside", "cullface": "up"}
			}
		},
		{
			"from": [4, 10, 0],
			"to": [12, 10, 4],
			"faces": {
				"north": {"uv": [4, 6, 12, 6], "texture": "#inside", "cullface": "north"},
				"east": {"uv": [12, 6, 16, 6], "texture": "#inside", "cullface": "east"},
				"south": {"uv": [4, 6, 12, 6], "texture": "#inside", "cullface": "south"},
				"west": {"uv": [0, 6, 4, 6], "texture": "#inside", "cullface": "west"},
				"up": {"uv": [4, 0, 12, 4], "texture": "#inside", "cullface": "up"},
				"down": {"uv": [4, 12, 12, 16], "texture": "#top"}
			}
		},
		{
			"from": [12, 10, 0],
			"to": [16, 10, 16],
			"faces": {
				"north": {"uv": [0, 6, 4, 6], "texture": "#inside", "cullface": "north"},
				"east": {"uv": [0, 6, 16, 6], "texture": "#inside", "cullface": "east"},
				"south": {"uv": [12, 6, 16, 6], "texture": "#inside", "cullface": "south"},
				"west": {"uv": [0, 6, 16, 6], "texture": "#inside", "cullface": "west"},
				"up": {"uv": [12, 0, 16, 16], "texture": "#inside", "cullface": "up"},
				"down": {"uv": [12, 0, 16, 16], "texture": "#top"}
			}
		},
		{
			"from": [4, 10, 12],
			"to": [12, 10, 16],
			"faces": {
				"north": {"uv": [4, 6, 12, 6], "texture": "#inside", "cullface": "north"},
				"east": {"uv": [0, 6, 4, 6], "texture": "#inside", "cullface": "east"},
				"south": {"uv": [4, 6, 12, 6], "texture": "#inside", "cullface": "south"},
				"west": {"uv": [12, 6, 16, 6], "texture": "#inside", "cullface": "west"},
				"up": {"uv": [4, 12, 12, 16], "texture": "#inside", "cullface": "up"},
				"down": {"uv": [4, 0, 12, 4], "texture": "#top"}
			}
		},
		{
			"from": [0, 10, 0],
			"to": [4, 10, 16],
			"faces": {
				"north": {"uv": [12, 6, 16, 6], "texture": "#inside", "cullface": "north"},
				"east": {"uv": [0, 6, 16, 6], "texture": "#inside", "cullface": "east"},
				"south": {"uv": [0, 6, 4, 6], "texture": "#inside", "cullface": "south"},
				"west": {"uv": [0, 6, 16, 6], "texture": "#inside", "cullface": "west"},
				"up": {"uv": [0, 0, 4, 16], "texture": "#inside", "cullface": "up"},
				"down": {"uv": [0, 0, 4, 16], "texture": "#top"}
			}
		},
		{
			"from": [12, 4, 4],
			"to": [12, 10, 12],
			"faces": {
				"north": {"uv": [4, 6, 4, 12], "texture": "#side"},
				"east": {"uv": [4, 6, 12, 12], "texture": "#side"},
				"south": {"uv": [12, 6, 12, 12], "texture": "#side"},
				"west": {"uv": [4, 6, 12, 12], "texture": "#side"},
				"down": {"uv": [12, 4, 12, 12], "texture": "#side"}
			}
		},
		{
			"from": [4, 4, 12],
			"to": [12, 10, 12],
			"faces": {
				"north": {"uv": [4, 6, 12, 12], "texture": "#side"},
				"east": {"uv": [4, 6, 4, 12], "texture": "#side"},
				"south": {"uv": [4, 6, 12, 12], "texture": "#side"},
				"west": {"uv": [12, 6, 12, 12], "texture": "#side"},
				"down": {"uv": [4, 4, 12, 4], "texture": "#side"}
			}
		},
		{
			"from": [4, 4, 4],
			"to": [12, 10, 4],
			"faces": {
				"north": {"uv": [4, 6, 12, 12], "texture": "#side"},
				"east": {"uv": [12, 6, 12, 12], "texture": "#side"},
				"south": {"uv": [4, 6, 12, 12], "texture": "#side"},
				"west": {"uv": [4, 6, 4, 12], "texture": "#side"},
				"down": {"uv": [4, 12, 12, 12], "texture": "#side"}
			}
		},
		{
			"from": [4, 4, 4],
			"to": [4, 10, 12],
			"faces": {
				"north": {"uv": [12, 6, 12, 12], "texture": "#side"},
				"east": {"uv": [4, 6, 12, 12], "texture": "#side"},
				"south": {"uv": [4, 6, 4, 12], "texture": "#side"},
				"west": {"uv": [4, 6, 12, 12], "texture": "#side"},
				"down": {"uv": [4, 4, 4, 12], "texture": "#side"}
			}
		},
		{
			"from": [6, 0, 7],
			"to": [7, 4, 9],
			"faces": {
				"north": {"uv": [9, 12, 10, 16], "texture": "#side"},
				"east": {"uv": [5, 12, 7, 16], "texture": "#side"},
				"south": {"uv": [6, 12, 7, 16], "texture": "#side"},
				"west": {"uv": [5, 12, 7, 16], "texture": "#side"},
				"up": {"uv": [6, 7, 7, 9], "texture": "#inside"},
				"down": {"uv": [11, 13, 12, 15], "rotation": 270, "texture": "#side", "cullface": "down"}
			}
		},
		{
			"from": [6, 0, 6],
			"to": [10, 4, 7],
			"faces": {
				"north": {"uv": [4, 12, 8, 16], "texture": "#side"},
				"east": {"uv": [7, 12, 8, 16], "texture": "#side"},
				"west": {"uv": [4, 12, 5, 16], "texture": "#side"},
				"up": {"uv": [6, 6, 10, 7], "texture": "#inside"},
				"down": {"uv": [8, 12, 12, 13], "rotation": 180, "texture": "#side", "cullface": "down"}
			}
		},
		{
			"from": [6, 0, 9],
			"to": [10, 4, 10],
			"faces": {
				"east": {"uv": [4, 12, 5, 16], "texture": "#side"},
				"south": {"uv": [4, 12, 8, 16], "texture": "#side"},
				"west": {"uv": [7, 12, 8, 16], "texture": "#side"},
				"up": {"uv": [6, 9, 10, 10], "texture": "#inside"},
				"down": {"uv": [8, 15, 12, 16], "rotation": 180, "texture": "#side", "cullface": "down"}
			}
		},
		{
			"from": [9, 0, 7],
			"to": [10, 4, 9],
			"faces": {
				"north": {"uv": [6, 12, 7, 16], "texture": "#side"},
				"east": {"uv": [5, 12, 7, 16], "texture": "#side"},
				"south": {"uv": [9, 12, 10, 16], "texture": "#side"},
				"west": {"uv": [5, 12, 7, 16], "texture": "#side"},
				"up": {"uv": [9, 7, 9.5, 7.5], "texture": "#inside"},
				"down": {"uv": [8, 13, 9, 15], "rotation": 90, "texture": "#side", "cullface": "down"}
			}
		}
	],
	"groups": [0, 1, 2, 3, 4, 5,
		{
			"name": "group",
			"origin": [8, 8, 8],
			"children": [6, 7, 8, 9]
		},
		{
			"name": "group",
			"origin": [8, 8, 8],
			"children": [10, 11, 12, 13]
		},
		{
			"name": "group",
			"origin": [8, 8, 8],
			"children": [14, 15, 16, 17]
		},
		{
			"name": "group",
			"origin": [8, 8, 8],
			"children": [18, 19, 20, 21]
		}
	]
}